Workbook

Sheet Sheet1
A1: ID | B1: 课程名称 | C1: 上课时间（北京） | D1: 上课时间（沙特） | E1: 预约类型 | F1: 课程类型 | G1: 老师名称 | H1: 老师id | I1: 学生名称 | J1: 学生id | K1: 51talk预约id | L1: merithubId | M1: 课程状态 | N1: 预约上课教材 | O1: 实际上课教材 | P1: 约课时间 | Q1: 销售ID | R1: 上课时长 | S1: 是否成交 | T1: CC
A2: 4031 | B2: student-- | C2: 2026-04-25 20:30 ~ 21:00 | D2: 2026-04-25 15:30 ~ 16:00 | E2: 自约 | F2: free | H2: 0 | I2: student | J2: 62996274 | K2: 528766839 | L2: d7kijn4rtl0pvidbb720 | M2: on | N2: related to exams you are facing now-phonetic | P2: 2026-04-23 04:04:39 | Q2: 4123060 | S2: free | T2: =VLOOKUP(Q2,Sheet2!A:C,3,FALSE) -> EGCC-maiwaheed
A3: 4028 | B3: student-related to exams you are facing now-Vocabulary skills - | C3: 2026-04-25 18:30 ~ 19:00 | D3: 2026-04-25 13:30 ~ 14:00 | E3: 自约 | F3: free | H3: 0 | I3: student | J3: 62739656 | K3: 528741930 | L3: d7kh1ccrtl0pvidb4tm0 | M3: on | N3: related to exams you are facing now-Vocabulary skills | P3: 2026-04-23 02:17:16 | Q3: 4115904 | S3: free | T3: =VLOOKUP(Q3,Sheet2!A:C,3,FALSE) -> #N/A
A4: 4024 | B4: student-- | C4: 2026-04-25 18:00 ~ 18:30 | D4: 2026-04-25 13:00 ~ 13:30 | E4: 自约 | F4: free | H4: 0 | I4: student | J4: 62995634 | K4: 528739889 | L4: d7kg5osrtl0pvidav3g0 | M4: on | N4: related to exams you are facing now-phonetic | P4: 2026-04-23 01:18:22 | Q4: 4124168 | S4: free | T4: =VLOOKUP(Q4,Sheet2!A:C,3,FALSE) -> 51hassan02
A5: 3923 | B5: student-related to exams you are facing now-Reading exam skills - | C5: 2026-04-24 02:30 ~ 03:00 | D5: 2026-04-23 21:30 ~ 22:00 | E5: 自约 | F5: free | H5: 0 | I5: student | J5: 62980864 | K5: 528498587 | L5: d7jd8pcrtl0s0eknqqfg | M5: on | N5: related to exams you are facing now-Reading exam skills | P5: 2026-04-21 09:35:27 | Q5: 4122734 | S5: free | T5: =VLOOKUP(Q5,Sheet2!A:C,3,FALSE) -> EGCC-eman.amr
A6: 3924 | B6: student-culture and interests-A day of yours- | C6: 2026-04-24 02:30 ~ 03:00 | D6: 2026-04-23 21:30 ~ 22:00 | E6: 自约 | F6: free | H6: 0 | I6: student | J6: 62981167 | K6: 528501566 | L6: d7jefp4rtl0s0eknsha0 | M6: cancel | N6: culture and interests-A day of yours | P6: 2026-04-21 10:58:39 | Q6: 4123060 | S6: free | T6: =VLOOKUP(Q6,Sheet2!A:C,3,FALSE) -> EGCC-maiwaheed
A7: 3961 | B7: student--Habiba Muhammed | C7: 2026-04-24 02:30 ~ 03:00 | D7: 2026-04-23 21:30 ~ 22:00 | E7: 自约 | F7: free | H7: 0 | I7: student | J7: 62987542 | K7: 528586236 | L7: d7jqjekrtl0pvid746jg | M7: on | P7: 2026-04-22 00:45:41 | Q7: 4121806 | S7: free | T7: =VLOOKUP(Q7,Sheet2!A:C,3,FALSE) -> 51habiba.hassan
A8: 4034 | B8: student--Fatma Mohamed | C8: 2026-04-24 02:30 ~ 03:00 | D8: 2026-04-23 21:30 ~ 22:00 | E8: 自约 | F8: free | H8: 0 | I8: student | J8: 62996522 | K8: 528780854 | L8: d7kk094rtl0pvidbf1ug | M8: on | N8: related to exams you are facing now-phonetic | P8: 2026-04-23 05:39:42 | Q8: 4123061 | S8: free | T8: =VLOOKUP(Q8,Sheet2!A:C,3,FALSE) -> EGCC-fatmamohamed
A9: 3951 | B9: student-culture and interests-A day of yours- | C9: 2026-04-24 01:30 ~ 02:00 | D9: 2026-04-23 20:30 ~ 21:00 | E9: 自约 | F9: free | H9: 0 | I9: student | J9: 62985541 | K9: 528557732 | L9: d7jnf4crtl0pvid63cjg | M9: on | N9: culture and interests-A day of yours | P9: 2026-04-21 21:11:40 | Q9: 4121807 | S9: free | T9: =VLOOKUP(Q9,Sheet2!A:C,3,FALSE) -> 51nadamuhammad
A10: 3966 | B10: student-culture and interests-A day of yours- | C10: 2026-04-24 01:30 ~ 02:00 | D10: 2026-04-23 20:30 ~ 21:00 | E10: 自约 | F10: free | H10: 0 | I10: student | J10: 62987400 | K10: 528590349 | L10: d7jr6vcrtl0pvid7b7dg | M10: on | N10: culture and interests-A day of yours | P10: 2026-04-22 01:27:20 | Q10: 4123061 | S10: free | T10: =VLOOKUP(Q10,Sheet2!A:C,3,FALSE) -> EGCC-fatmamohamed
A11: 3986 | B11: student-related to exams you are facing now-phonetic- | C11: 2026-04-24 01:30 ~ 02:00 | D11: 2026-04-23 20:30 ~ 21:00 | E11: 自约 | F11: free | H11: 0 | I11: student | J11: 62988786 | K11: 528645963 | L11: d7k1vikrtl0pvid872q0 | M11: on | N11: related to exams you are facing now-phonetic | P11: 2026-04-22 09:09:25 | Q11: 4122734 | S11: free | T11: =VLOOKUP(Q11,Sheet2!A:C,3,FALSE) -> EGCC-eman.amr
A12: 3950 | B12: student--Hassan Ahmed | C12: 2026-04-24 01:00 ~ 01:30 | D12: 2026-04-23 20:00 ~ 20:30 | E12: 自约 | F12: free | H12: 0 | I12: student | J12: 62985725 | K12: 528557540 | L12: d7jndbkrtl0pvid633d0 | M12: cancel | P12: 2026-04-21 21:07:53 | Q12: 4124168 | S12: free | T12: =VLOOKUP(Q12,Sheet2!A:C,3,FALSE) -> 51hassan02
A13: 4004 | B13: student-related to exams you are facing now-phonetic-Fatma Mohamed | C13: 2026-04-24 01:00 ~ 01:30 | D13: 2026-04-23 20:00 ~ 20:30 | E13: 代约 | F13: free | H13: 0 | I13: student | J13: 62946072 | K13: 528700025 | L13: d7kbmosrtl0pvid9m15g | M13: on | N13: related to exams you are facing now-phonetic | P13: 2026-04-22 20:13:17 | Q13: 4123061 | S13: free | T13: =VLOOKUP(Q13,Sheet2!A:C,3,FALSE) -> EGCC-fatmamohamed
A14: 4011 | B14: student--Nada Mohamed | C14: 2026-04-24 01:00 ~ 01:30 | D14: 2026-04-23 20:00 ~ 20:30 | E14: 自约 | F14: free | H14: 0 | I14: student | J14: 62993847 | K14: 528706635 | L14: d7kci6krtl0pvid9t970 | M14: on | N14: related to exams you are facing now-phonetic | P14: 2026-04-22 21:11:49 | Q14: 4121807 | S14: free | T14: =VLOOKUP(Q14,Sheet2!A:C,3,FALSE) -> 51nadamuhammad
A15: 3960 | B15: student--Fatma Mohamed | C15: 2026-04-24 00:30 ~ 01:00 | D15: 2026-04-23 19:30 ~ 20:00 | E15: 自约 | F15: free | H15: 0 | I15: student | J15: 62987319 | K15: 528575856 | L15: d7jq94krtl0pvid719o0 | M15: on | P15: 2026-04-22 00:23:39 | Q15: 4123061 | S15: free | T15: =VLOOKUP(Q15,Sheet2!A:C,3,FALSE) -> EGCC-fatmamohamed
A16: 4029 | B16: student--Mahmoud Badawy | C16: 2026-04-24 00:30 ~ 01:00 | D16: 2026-04-23 19:30 ~ 20:00 | E16: 自约 | F16: free | H16: 0 | I16: student | J16: 62995974 | K16: 528742726 | L16: d7khibsrtl0pvidb78ag | M16: cancel | N16: related to exams you are facing now-phonetic | P16: 2026-04-23 02:53:30 | Q16: 4123056 | S16: free | T16: =VLOOKUP(Q16,Sheet2!A:C,3,FALSE) -> EGCC-mahmoudbadawy
A17: 3979 | B17: student-related to exams you are facing now-Vocabulary skills - | C17: 2026-04-24 00:00 ~ 00:30 | D17: 2026-04-23 19:00 ~ 19:30 | E17: 自约 | F17: free | H17: 0 | I17: student | J17: 62988316 | K17: 528600448 | L17: d7jstt4rtl0pvid7lig0 | M17: cancel | N17: related to exams you are facing now-Vocabulary skills | P17: 2026-04-22 03:24:30 | Q17: 4123057 | S17: free | T17: =VLOOKUP(Q17,Sheet2!A:C,3,FALSE) -> EGCC-tasneemmahmoud
A18: 3984 | B18: student-related to exams you are facing now-Vocabulary skills - | C18: 2026-04-24 00:00 ~ 00:30 | D18: 2026-04-23 19:00 ~ 19:30 | E18: 自约 | F18: free | H18: 0 | I18: student | J18: 62988612 | K18: 528641980 | L18: d7jv7ckrtl0pvid7rk1g | M18: on | N18: related to exams you are facing now-Vocabulary skills | P18: 2026-04-22 06:01:16 | Q18: 4123061 | S18: free | T18: =VLOOKUP(Q18,Sheet2!A:C,3,FALSE) -> EGCC-fatmamohamed
A19: 4001 | B19: student-culture and interests-A day of yours-user409842 | C19: 2026-04-24 00:00 ~ 00:30 | D19: 2026-04-23 19:00 ~ 19:30 | E19: 代约 | F19: free | H19: 0 | I19: student | J19: 62949507 | K19: 528689140 | L19: d7kaitkrtl0pvid9e4ug | M19: cancel | N19: culture and interests-A day of yours | P19: 2026-04-22 18:56:48 | Q19: 4123057 | S19: free | T19: =VLOOKUP(Q19,Sheet2!A:C,3,FALSE) -> EGCC-tasneemmahmoud
A20: 4013 | B20: student-- | C20: 2026-04-24 00:00 ~ 00:30 | D20: 2026-04-23 19:00 ~ 19:30 | E20: 自约 | F20: free | H20: 0 | I20: student | J20: 62994205 | K20: 528706481 | L20: d7kcj04rtl0pvid9tdv0 | M20: on | N20: related to exams you are facing now-phonetic | P20: 2026-04-22 21:13:31 | Q20: 4123056 | S20: free | T20: =VLOOKUP(Q20,Sheet2!A:C,3,FALSE) -> EGCC-mahmoudbadawy
A21: 3987 | B21: student-- | C21: 2026-04-23 23:30 ~ 00:00 | D21: 2026-04-23 18:30 ~ 19:00 | E21: 自约 | F21: free | H21: 0 | I21: student | J21: 62989129 | K21: 528646597 | L21: d7k2ebsrtl0pvid88ba0 | M21: on | P21: 2026-04-22 09:40:58 | Q21: 4123057 | S21: free | T21: =VLOOKUP(Q21,Sheet2!A:C,3,FALSE) -> EGCC-tasneemmahmoud
A22: 3992 | B22: student-- | C22: 2026-04-23 23:30 ~ 00:00 | D22: 2026-04-23 18:30 ~ 19:00 | E22: 自约 | F22: free | H22: 0 | I22: student | J22: 62990418 | K22: 528658218 | L22: d7k5ckkrtl0pvid8g870 | M22: cancel | N22: related to exams you are facing now-phonetic | P22: 2026-04-22 13:02:05 | Q22: 4121806 | S22: free | T22: =VLOOKUP(Q22,Sheet2!A:C,3,FALSE) -> 51habiba.hassan
A23: 4002 | B23: student-culture and interests-A day of yours-Mai Waheed | C23: 2026-04-23 23:00 ~ 23:30 | D23: 2026-04-23 18:00 ~ 18:30 | E23: 代约 | F23: free | H23: 0 | I23: student | J23: 62991976 | K23: 528690078 | L23: d7kamc4rtl0pvid9f7sg | M23: on | N23: culture and interests-A day of yours | P23: 2026-04-22 19:04:10 | Q23: 4123060 | S23: free | T23: =VLOOKUP(Q23,Sheet2!A:C,3,FALSE) -> EGCC-maiwaheed
A24: 4007 | B24: student-culture and interests-A day of yours-Fatma Mohamed | C24: 2026-04-23 23:00 ~ 23:30 | D24: 2026-04-23 18:00 ~ 18:30 | E24: 代约 | F24: free | H24: 0 | I24: student | J24: 62959478 | K24: 528703462 | L24: d7kc4f4rtl0pvid9prvg | M24: on | N24: culture and interests-A day of yours | P24: 2026-04-22 20:42:31 | Q24: 4123061 | S24: free | T24: =VLOOKUP(Q24,Sheet2!A:C,3,FALSE) -> EGCC-fatmamohamed
A25: 3990 | B25: student--Fatma Mohamed | C25: 2026-04-23 22:00 ~ 22:30 | D25: 2026-04-23 17:00 ~ 17:30 | E25: 自约 | F25: free | H25: 0 | I25: student | J25: 62990121 | K25: 528655413 | L25: d7k4pkcrtl0pvid8eb2g | M25: on | N25: related to exams you are facing now-phonetic | P25: 2026-04-22 12:21:31 | Q25: 4123061 | S25: free | T25: =VLOOKUP(Q25,Sheet2!A:C,3,FALSE) -> EGCC-fatmamohamed
A26: 3998 | B26: student--Mai Waheed | C26: 2026-04-23 22:00 ~ 22:30 | D26: 2026-04-23 17:00 ~ 17:30 | E26: 自约 | F26: free | H26: 0 | I26: student | J26: 62991976 | K26: 528680953 | L26: d7k9nrkrtl0pvid97pf0 | M26: cancel | N26: related to exams you are facing now-phonetic | P26: 2026-04-22 17:59:05 | Q26: 4123060 | S26: free | T26: =VLOOKUP(Q26,Sheet2!A:C,3,FALSE) -> EGCC-maiwaheed
A27: 3931 | B27: student-- | C27: 2026-04-23 21:30 ~ 22:00 | D27: 2026-04-23 16:30 ~ 17:00 | E27: 自约 | F27: free | H27: 0 | I27: student | J27: 62982206 | K27: 528511327 | L27: d7jghi4rtl0s0eko0560 | M27: on | P27: 2026-04-21 13:18:59 | Q27: 4122734 | S27: free | T27: =VLOOKUP(Q27,Sheet2!A:C,3,FALSE) -> EGCC-eman.amr
A28: 4026 | B28: student-culture and interests-A day of yours-Habiba Muhammed | C28: 2026-04-23 21:30 ~ 22:00 | D28: 2026-04-23 16:30 ~ 17:00 | E28: 代约 | F28: free | H28: 0 | I28: student | J28: 62995856 | K28: 528741075 | L28: d7kgkicrtl0pvidb1pp0 | M28: on | N28: culture and interests-A day of yours | P28: 2026-04-23 01:49:55 | Q28: 4121806 | S28: free | T28: =VLOOKUP(Q28,Sheet2!A:C,3,FALSE) -> 51habiba.hassan
A29: 4027 | B29: Yousef-related to exams you are facing now-Vocabulary skills - | C29: 2026-04-23 21:00 ~ 21:30 | D29: 2026-04-23 16:00 ~ 16:30 | E29: 自约 | F29: free | H29: 0 | I29: Yousef | J29: 62879304 | K29: 528741650 | L29: d7kgv9krtl0pvidb4jhg | M29: on | N29: related to exams you are facing now-Vocabulary skills | P29: 2026-04-23 02:12:49 | Q29: 4119745 | S29: free | T29: =VLOOKUP(Q29,Sheet2!A:C,3,FALSE) -> #N/A
A30: 3997 | B30: student--user409842 | C30: 2026-04-23 20:30 ~ 21:00 | D30: 2026-04-23 15:30 ~ 16:00 | E30: 自约 | F30: free | H30: 0 | I30: student | J30: 62992058 | K30: 528680837 | L30: d7k9mr4rtl0pvid97e10 | M30: on | N30: related to exams you are facing now-phonetic | P30: 2026-04-22 17:56:55 | Q30: 4123057 | S30: free | T30: =VLOOKUP(Q30,Sheet2!A:C,3,FALSE) -> EGCC-tasneemmahmoud
A31: 3999 | B31: student-culture and interests-A day of yours-user409842 | C31: 2026-04-23 20:30 ~ 21:00 | D31: 2026-04-23 15:30 ~ 16:00 | E31: 代约 | F31: free | H31: 0 | I31: student | J31: 62992183 | K31: 528685077 | L31: d7ka664rtl0pvid9b4lg | M31: on | N31: culture and interests-A day of yours | P31: 2026-04-22 18:29:39 | Q31: 4123057 | S31: free | T31: =VLOOKUP(Q31,Sheet2!A:C,3,FALSE) -> EGCC-tasneemmahmoud
A32: 3938 | B32: student-related to exams you are facing now-Vocabulary skills - | C32: 2026-04-23 20:00 ~ 20:30 | D32: 2026-04-23 15:00 ~ 15:30 | E32: 自约 | F32: free | H32: 0 | I32: student | J32: 62984086 | K32: 528535893 | L32: d7jl4c4rtl0t9uck6vv0 | M32: on | N32: related to exams you are facing now-Vocabulary skills | P32: 2026-04-21 18:32:11 | Q32: 4123061 | S32: free | T32: =VLOOKUP(Q32,Sheet2!A:C,3,FALSE) -> EGCC-fatmamohamed
A33: 3988 | B33: student--Mai Waheed | C33: 2026-04-23 20:00 ~ 20:30 | D33: 2026-04-23 15:00 ~ 15:30 | E33: 自约 | F33: free | H33: 0 | I33: student | J33: 62989518 | K33: 528649722 | L33: d7k3bt4rtl0pvid8a470 | M33: on | P33: 2026-04-22 10:43:59 | Q33: 4123060 | S33: free | T33: =VLOOKUP(Q33,Sheet2!A:C,3,FALSE) -> EGCC-maiwaheed
A34: 4023 | B34: student-culture and interests-A day of yours- | C34: 2026-04-23 20:00 ~ 20:30 | D34: 2026-04-23 15:00 ~ 15:30 | E34: 自约 | F34: free | H34: 0 | I34: student | J34: 61023454 | K34: 528732618 | L34: d7kffj4rtl0pvidaot2g | M34: on | N34: culture and interests-A day of yours | P34: 2026-04-23 00:31:03 | Q34: 4119324 | S34: free | T34: =VLOOKUP(Q34,Sheet2!A:C,3,FALSE) -> #N/A
A35: 4030 | B35: student-culture and interests-A day of yours- | C35: 2026-04-23 20:00 ~ 20:30 | D35: 2026-04-23 15:00 ~ 15:30 | E35: 自约 | F35: free | H35: 0 | I35: student | J35: 62996037 | K35: 528743053 | L35: d7khqekrtl0pvidb8qbg | M35: on | N35: culture and interests-A day of yours | P35: 2026-04-23 03:10:45 | Q35: 4123057 | S35: free | T35: =VLOOKUP(Q35,Sheet2!A:C,3,FALSE) -> EGCC-tasneemmahmoud
A36: 4033 | B36: student-- | C36: 2026-04-23 20:00 ~ 20:30 | D36: 2026-04-23 15:00 ~ 15:30 | E36: 自约 | F36: free | H36: 0 | I36: student | J36: 59512554 | K36: 528780592 | L36: d7kjnscrtl0pvidbeaqg | M36: on | N36: related to exams you are facing now-phonetic | P36: 2026-04-23 05:21:47 | Q36: 4117678 | S36: free | T36: =VLOOKUP(Q36,Sheet2!A:C,3,FALSE) -> #N/A
A37: 3985 | B37: student-related to exams you are facing now-Vocabulary skills - | C37: 2026-04-23 19:30 ~ 20:00 | D37: 2026-04-23 14:30 ~ 15:00 | E37: 自约 | F37: free | H37: 0 | I37: student | J37: 62988574 | K37: 528643563 | L37: d7k0p9crtl0pvid81rp0 | M37: cancel | N37: related to exams you are facing now-Vocabulary skills | P37: 2026-04-22 07:47:43 | Q37: 4121806 | S37: free | T37: =VLOOKUP(Q37,Sheet2!A:C,3,FALSE) -> 51habiba.hassan
A38: 4018 | B38: student--Mai Waheed | C38: 2026-04-23 19:30 ~ 20:00 | D38: 2026-04-23 14:30 ~ 15:00 | E38: 自约 | F38: free | H38: 0 | I38: student | J38: 62994199 | K38: 528713534 | L38: d7kdbfkrtl0pvida5o3g | M38: on | N38: related to exams you are facing now-phonetic | P38: 2026-04-22 22:05:44 | Q38: 4123060 | S38: free | T38: =VLOOKUP(Q38,Sheet2!A:C,3,FALSE) -> EGCC-maiwaheed
A39: 3928 | B39: student-related to exams you are facing now-phonetic- | C39: 2026-04-23 18:30 ~ 19:00 | D39: 2026-04-23 13:30 ~ 14:00 | E39: 自约 | F39: free | H39: 0 | I39: student | J39: 62981841 | K39: 528509512 | L39: d7jg47crtl0s0eknv560 | M39: on | N39: related to exams you are facing now-phonetic | P39: 2026-04-21 12:50:32 | Q39: 4123060 | S39: free | T39: =VLOOKUP(Q39,Sheet2!A:C,3,FALSE) -> EGCC-maiwaheed
A40: 3921 | B40: student-related to exams you are facing now-Vocabulary skills - | C40: 2026-04-23 18:00 ~ 18:30 | D40: 2026-04-23 13:00 ~ 13:30 | E40: 自约 | F40: free | H40: 0 | I40: student | J40: 62981011 | K40: 528497172 | L40: d7jcgokrtl0s0eknogp0 | M40: on | N40: related to exams you are facing now-Vocabulary skills | P40: 2026-04-21 08:44:12 | Q40: 4123061 | S40: free | T40: =VLOOKUP(Q40,Sheet2!A:C,3,FALSE) -> EGCC-fatmamohamed
A41: 3974 | B41: student-culture and interests-A day of yours- | C41: 2026-04-23 18:00 ~ 18:30 | D41: 2026-04-23 13:00 ~ 13:30 | E41: 自约 | F41: free | H41: 0 | I41: student | J41: 62987769 | K41: 528592665 | L41: d7js7i4rtl0pvid7iipg | M41: cancel | N41: culture and interests-A day of yours | P41: 2026-04-22 02:36:51 | Q41: 4121807 | S41: free | T41: =VLOOKUP(Q41,Sheet2!A:C,3,FALSE) -> 51nadamuhammad
A42: 4032 | B42: student-culture and interests-A day of yours-Habiba Muhammed | C42: 2026-04-23 18:00 ~ 18:30 | D42: 2026-04-23 13:00 ~ 13:30 | E42: 自约 | F42: free | H42: 0 | I42: student | J42: 61813463 | K42: 528777153 | L42: d7kjb04rtl0pvidbcs60 | M42: on | N42: culture and interests-A day of yours | P42: 2026-04-23 04:54:18 | Q42: 4121806 | S42: free | T42: =VLOOKUP(Q42,Sheet2!A:C,3,FALSE) -> 51habiba.hassan
A43: 3863 | B43: student-culture and interests-Make Orders in a Coffee Shop- | C43: 2026-04-23 02:30 ~ 03:00 | D43: 2026-04-22 21:30 ~ 22:00 | E43: 自约 | F43: free | H43: 0 | I43: student | J43: 62977025 | K43: 528383622 | L43: d7j0ofcrtl0svuetsh6g | M43: cancel | N43: culture and interests-Make Orders in a Coffee Shop | P43: 2026-04-20 19:21:28 | Q43: 4122734 | S43: free | T43: =VLOOKUP(Q43,Sheet2!A:C,3,FALSE) -> EGCC-eman.amr
A44: 3885 | B44: student-- | C44: 2026-04-23 02:30 ~ 03:00 | D44: 2026-04-22 21:30 ~ 22:00 | E44: 自约 | F44: free | G44: Fatma Essam | H44: 6813744 | I44: student | J44: 62979106 | K44: 528415636 | L44: d7j4fn4rtl0svueuun80 | M44: end | P44: 2026-04-20 23:35:51 | Q44: 4122734 | S44: free | T44: =VLOOKUP(Q44,Sheet2!A:C,3,FALSE) -> EGCC-eman.amr
A45: 3895 | B45: student-related to exams you are facing now-Vocabulary skills - | C45: 2026-04-23 02:30 ~ 03:00 | D45: 2026-04-22 21:30 ~ 22:00 | E45: 自约 | F45: free | H45: 0 | I45: student | J45: 62979761 | K45: 528438630 | L45: d7j6jtsrtl0s0ekn3bl0 | M45: s_absent | N45: related to exams you are facing now-Vocabulary skills | P45: 2026-04-21 02:01:22 | Q45: 4123059 | S45: free | T45: =VLOOKUP(Q45,Sheet2!A:C,3,FALSE) -> EGCC-nadahassan
A46: 3896 | B46: student-culture and interests-A day of yours- | C46: 2026-04-23 02:30 ~ 03:00 | D46: 2026-04-22 21:30 ~ 22:00 | E46: 自约 | F46: free | H46: 0 | I46: student | J46: 62979854 | K46: 528438984 | L46: d7j6m54rtl0s0ekn3tog | M46: cancel | N46: culture and interests-A day of yours | P46: 2026-04-21 02:06:07 | Q46: 4121806 | S46: free | T46: =VLOOKUP(Q46,Sheet2!A:C,3,FALSE) -> 51habiba.hassan
A47: 3903 | B47: THIKRA-culture and interests-A day of yours-user808254 | C47: 2026-04-23 02:30 ~ 03:00 | D47: 2026-04-22 21:30 ~ 22:00 | E47: 自约 | F47: free | H47: 0 | I47: THIKRA | J47: 62478001 | K47: 528442792 | L47: d7j7mikrtl0s0ekn8krg | M47: s_absent | N47: culture and interests-A day of yours | P47: 2026-04-21 03:15:17 | Q47: 4123059 | S47: free | T47: =VLOOKUP(Q47,Sheet2!A:C,3,FALSE) -> EGCC-nadahassan
A48: 3978 | B48: student-- | C48: 2026-04-23 02:30 ~ 03:00 | D48: 2026-04-22 21:30 ~ 22:00 | E48: 自约 | F48: free | H48: 0 | I48: student | J48: 61536152 | K48: 528596656 | L48: d7jssa4rtl0pvid7lea0 | M48: cancel | P48: 2026-04-22 03:21:07 | Q48: 4118498 | S48: free | T48: =VLOOKUP(Q48,Sheet2!A:C,3,FALSE) -> #N/A
A49: 3750 | B49: HALA-related to exams you are facing now-Reading exam skills - | C49: 2026-04-23 02:30 ~ 03:00 | D49: 2026-04-22 21:30 ~ 22:00 | E49: 自约 | F49: free | H49: 0 | I49: HALA | J49: 62951558 | K49: 527870258 | L49: d7gt0ecrtl0svueknnu0 | M49: cancel | N49: related to exams you are facing now-Reading exam skills | P49: 2026-04-17 14:16:20 | Q49: 4122290 | S49: free | T49: =VLOOKUP(Q49,Sheet2!A:C,3,FALSE) -> #N/A
A50: 4014 | B50: SAJA-colorful cakes-Mai Waheed | C50: 2026-04-23 02:30 ~ 03:00 | D50: 2026-04-22 21:30 ~ 22:00 | E50: 代约 | F50: free | G50: Hadir Elnaggar | H50: 6783916 | I50: SAJA | J50: 62796982 | K50: 528706860 | L50: d7kck2crtl0pvid9tl90 | M50: end | N50: colorful cakes | O50: related to exams you are facing now-phonetic | P50: 2026-04-22 21:15:47 | Q50: 4123060 | S50: free | T50: =VLOOKUP(Q50,Sheet2!A:C,3,FALSE) -> EGCC-maiwaheed
A51: 3767 | B51: student-culture and interests-Make Orders in a Coffee Shop- | C51: 2026-04-23 02:30 ~ 03:00 | D51: 2026-04-22 21:30 ~ 22:00 | E51: 自约 | F51: free | H51: 0 | I51: student | J51: 62955630 | K51: 527946463 | L51: d7h79jkrtl0svuemmipg | M51: cancel | N51: culture and interests-Make Orders in a Coffee Shop | P51: 2026-04-18 01:58:33 | Q51: 4123060 | S51: free | T51: =VLOOKUP(Q51,Sheet2!A:C,3,FALSE) -> EGCC-maiwaheed
A52: 4025 | B52: Abdelaziz--Habiba Muhammed | C52: 2026-04-23 02:30 ~ 03:00 | D52: 2026-04-22 21:30 ~ 22:00 | E52: 自约 | F52: free | H52: 0 | I52: Abdelaziz | J52: 62980092 | K52: 528741147 | L52: d7kgjtkrtl0pvidb1msg | M52: cancel | N52: related to exams you are facing now-phonetic | P52: 2026-04-23 01:48:33 | Q52: 4121806 | S52: free | T52: =VLOOKUP(Q52,Sheet2!A:C,3,FALSE) -> 51habiba.hassan
A53: 3770 | B53: student-related to exams you are facing now-phonetic- | C53: 2026-04-23 02:30 ~ 03:00 | D53: 2026-04-22 21:30 ~ 22:00 | E53: 自约 | F53: free | H53: 0 | I53: student | J53: 62955764 | K53: 527946954 | L53: d7h81vkrtl0svuemq1lg | M53: cancel | N53: related to exams you are facing now-phonetic | P53: 2026-04-18 02:50:32 | Q53: 4121806 | S53: free | T53: =VLOOKUP(Q53,Sheet2!A:C,3,FALSE) -> 51habiba.hassan
A54: 3791 | B54: student-culture and interests-Make Orders in a Coffee Shop- | C54: 2026-04-23 02:30 ~ 03:00 | D54: 2026-04-22 21:30 ~ 22:00 | E54: 自约 | F54: free | H54: 0 | I54: student | J54: 62960760 | K54: 528049317 | L54: d7hmojsrtl0svueomsf0 | M54: cancel | N54: culture and interests-Make Orders in a Coffee Shop | P54: 2026-04-18 19:34:34 | Q54: 4121806 | S54: free | T54: =VLOOKUP(Q54,Sheet2!A:C,3,FALSE) -> 51habiba.hassan
A55: 3812 | B55: student-culture and interests-A day of yours- | C55: 2026-04-23 02:30 ~ 03:00 | D55: 2026-04-22 21:30 ~ 22:00 | E55: 自约 | F55: free | H55: 0 | I55: student | J55: 60815683 | K55: 528189592 | L55: d7i9l24rtl0svuer09dg | M55: cancel | N55: culture and interests-A day of yours | P55: 2026-04-19 17:04:03 | Q55: 4113426 | S55: free | T55: =VLOOKUP(Q55,Sheet2!A:C,3,FALSE) -> #N/A
A56: 3890 | B56: student-culture and interests-A day of yours- | C56: 2026-04-23 02:00 ~ 02:30 | D56: 2026-04-22 21:00 ~ 21:30 | E56: 自约 | F56: free | G56: Fatma Essam | H56: 6813744 | I56: student | J56: 62979732 | K56: 528434252 | L56: d7j6424rtl0s0ekmvo40 | M56: end | N56: culture and interests-A day of yours | O56: related to exams you are facing now-phonetic | P56: 2026-04-21 01:27:30 | Q56: 4123061 | S56: free | T56: =VLOOKUP(Q56,Sheet2!A:C,3,FALSE) -> EGCC-fatmamohamed
A57: 3934 | B57: student--Hassan Ahmed | C57: 2026-04-23 02:00 ~ 02:30 | D57: 2026-04-22 21:00 ~ 21:30 | E57: 自约 | F57: free | H57: 0 | I57: student | J57: 62984048 | K57: 528531952 | L57: d7jklkkrtl0t9uck3nl0 | M57: cancel | P57: 2026-04-21 18:00:45 | Q57: 4123057 | S57: free | T57: =VLOOKUP(Q57,Sheet2!A:C,3,FALSE) -> EGCC-tasneemmahmoud
A58: 3943 | B58: student-culture and interests-Make Orders in a Coffee Shop- | C58: 2026-04-23 02:00 ~ 02:30 | D58: 2026-04-22 21:00 ~ 21:30 | E58: 自约 | F58: free | G58: Hadir Elnaggar | H58: 6783916 | I58: student | J58: 62984549 | K58: 528541768 | L58: d7jllrkrtl0pvid5ln30 | M58: end | N58: culture and interests-Make Orders in a Coffee Shop | O58: culture and interests-Make Orders in a Coffee Shop | P58: 2026-04-21 19:09:28 | Q58: 4122734 | S58: free | T58: =VLOOKUP(Q58,Sheet2!A:C,3,FALSE) -> EGCC-eman.amr
A59: 3953 | B59: student--Nada Mohamed | C59: 2026-04-23 02:00 ~ 02:30 | D59: 2026-04-22 21:00 ~ 21:30 | E59: 自约 | F59: free | G59: Soad | H59: 6772855 | I59: student | J59: 62985832 | K59: 528560721 | L59: d7jnmpsrtl0pvid65f6g | M59: end | O59: related to exams you are facing now-phonetic | P59: 2026-04-21 21:28:02 | Q59: 4121807 | S59: free | T59: =VLOOKUP(Q59,Sheet2!A:C,3,FALSE) -> 51nadamuhammad
A60: 4019 | B60: student-related to exams you are facing now-phonetic-Fatma Mohamed | C60: 2026-04-23 02:00 ~ 02:30 | D60: 2026-04-22 21:00 ~ 21:30 | E60: 代约 | F60: free | H60: 0 | I60: student | J60: 62981103 | K60: 528713932 | L60: d7kddpkrtl0pvida67f0 | M60: s_absent | N60: related to exams you are facing now-phonetic | P60: 2026-04-22 22:10:40 | Q60: 4123061 | S60: free | T60: =VLOOKUP(Q60,Sheet2!A:C,3,FALSE) -> EGCC-fatmamohamed
A61: 4020 | B61: Sierra-- | C61: 2026-04-23 02:00 ~ 02:30 | D61: 2026-04-22 21:00 ~ 21:30 | E61: 自约 | F61: free | H61: 0 | I61: Sierra | J61: 62242174 | K61: 528715222 | L61: d7kdlckrtl0pvida7ro0 | M61: s_absent | N61: related to exams you are facing now-phonetic | P61: 2026-04-22 22:26:53 | Q61: 4114967 | S61: free | T61: =VLOOKUP(Q61,Sheet2!A:C,3,FALSE) -> #N/A
A62: 3776 | B62: student-culture and interests-A day of yours- | C62: 2026-04-23 02:00 ~ 02:30 | D62: 2026-04-22 21:00 ~ 21:30 | E62: 自约 | F62: free | H62: 0 | I62: student | J62: 62956331 | K62: 527982366 | L62: d7h9o0srtl0svuemv2gg | M62: cancel | N62: culture and interests-A day of yours | P62: 2026-04-18 04:45:49 | Q62: 4123057 | S62: free | T62: =VLOOKUP(Q62,Sheet2!A:C,3,FALSE) -> EGCC-tasneemmahmoud
A63: 3779 | B63: student-culture and interests-A day of yours- | C63: 2026-04-23 02:00 ~ 02:30 | D63: 2026-04-22 21:00 ~ 21:30 | E63: 自约 | F63: free | H63: 0 | I63: student | J63: 62956531 | K63: 527984730 | L63: d7hc4u4rtl0svuen5otg | M63: s_absent | N63: culture and interests-A day of yours | P63: 2026-04-18 07:29:55 | Q63: 4121806 | S63: free | T63: =VLOOKUP(Q63,Sheet2!A:C,3,FALSE) -> 51habiba.hassan
A64: 3826 | B64: student-culture and interests-A day of yours- | C64: 2026-04-23 02:00 ~ 02:30 | D64: 2026-04-22 21:00 ~ 21:30 | E64: 自约 | F64: free | H64: 0 | I64: student | J64: 62970206 | K64: 528233202 | L64: d7ie654rtl0svuermjug | M64: cancel | N64: culture and interests-A day of yours | P64: 2026-04-19 22:13:34 | Q64: 4122160 | S64: free | T64: =VLOOKUP(Q64,Sheet2!A:C,3,FALSE) -> #N/A
A65: 3827 | B65: student-culture and interests-A day of yours- | C65: 2026-04-23 02:00 ~ 02:30 | D65: 2026-04-22 21:00 ~ 21:30 | E65: 自约 | F65: free | G65: Nada Hasan | H65: 6755745 | I65: student | J65: 62970160 | K65: 528234197 | L65: d7iece4rtl0svuernr30 | M65: end | N65: culture and interests-A day of yours | O65: culture and interests-Make Orders in a Coffee Shop | P65: 2026-04-19 22:26:59 | Q65: 4123061 | S65: free | T65: =VLOOKUP(Q65,Sheet2!A:C,3,FALSE) -> EGCC-fatmamohamed
A66: 3854 | B66: student-related to exams you are facing now-Vocabulary skills - | C66: 2026-04-23 01:30 ~ 02:00 | D66: 2026-04-22 20:30 ~ 21:00 | E66: 自约 | F66: free | H66: 0 | I66: student | J66: 62973789 | K66: 528336310 | L66: d7iq7nsrtl0svuesrs80 | M66: cancel | N66: related to exams you are facing now-Vocabulary skills | P66: 2026-04-20 11:56:10 | Q66: 4085677 | S66: free | T66: =VLOOKUP(Q66,Sheet2!A:C,3,FALSE) -> #N/A
A67: 3919 | B67: student--Nada Mohamed | C67: 2026-04-23 01:30 ~ 02:00 | D67: 2026-04-22 20:30 ~ 21:00 | E67: 自约 | F67: free | H67: 0 | I67: student | J67: 62980809 | K67: 528496407 | L67: d7jbrqsrtl0s0eknlo40 | M67: s_absent | P67: 2026-04-21 07:59:34 | Q67: 4121807 | S67: free | T67: =VLOOKUP(Q67,Sheet2!A:C,3,FALSE) -> 51nadamuhammad
A68: 3969 | B68: student-related to exams you are facing now-phonetic-Fatma Mohamed | C68: 2026-04-23 01:30 ~ 02:00 | D68: 2026-04-22 20:30 ~ 21:00 | E68: 代约 | F68: free | G68: Fatma Essam | H68: 6813744 | I68: student | J68: 62988001 | K68: 528591070 | L68: d7jrgg4rtl0pvid7df8g | M68: end | N68: related to exams you are facing now-phonetic | O68: related to exams you are facing now-phonetic | P68: 2026-04-22 01:47:38 | Q68: 4123061 | S68: free | T68: =VLOOKUP(Q68,Sheet2!A:C,3,FALSE) -> EGCC-fatmamohamed
A69: 3995 | B69: student--Nada Mohamed | C69: 2026-04-23 01:30 ~ 02:00 | D69: 2026-04-22 20:30 ~ 21:00 | E69: 自约 | F69: free | H69: 0 | I69: student | J69: 62992031 | K69: 528679023 | L69: d7k9e24rtl0pvid963f0 | M69: cancel | N69: related to exams you are facing now-phonetic | P69: 2026-04-22 17:38:11 | Q69: 4121807 | S69: free | T69: =VLOOKUP(Q69,Sheet2!A:C,3,FALSE) -> 51nadamuhammad
A70: 4022 | B70: student-- | C70: 2026-04-23 01:30 ~ 02:00 | D70: 2026-04-22 20:30 ~ 21:00 | E70: 自约 | F70: free | G70: Soad | H70: 6772855 | I70: student | J70: 62994994 | K70: 528720156 | L70: d7kervcrtl0pvidailh0 | M70: end | N70: related to exams you are facing now-phonetic | O70: related to exams you are facing now-phonetic | P70: 2026-04-22 23:49:12 | Q70: 4123061 | S70: free | T70: =VLOOKUP(Q70,Sheet2!A:C,3,FALSE) -> EGCC-fatmamohamed
A71: 3800 | B71: student-culture and interests-A day of yours- | C71: 2026-04-23 01:30 ~ 02:00 | D71: 2026-04-22 20:30 ~ 21:00 | E71: 自约 | F71: free | H71: 0 | I71: student | J71: 62962186 | K71: 528070240 | L71: d7hp6csrtl0svuepd9gg | M71: cancel | N71: culture and interests-A day of yours | P71: 2026-04-18 22:20:29 | Q71: 4123060 | S71: free | T71: =VLOOKUP(Q71,Sheet2!A:C,3,FALSE) -> EGCC-maiwaheed
A72: 3802 | B72: student-culture and interests-A day of yours- | C72: 2026-04-23 01:30 ~ 02:00 | D72: 2026-04-22 20:30 ~ 21:00 | E72: 自约 | F72: free | H72: 0 | I72: student | J72: 62963367 | K72: 528099416 | L72: d7hrfbkrtl0svuepvvpg | M72: cancel | N72: culture and interests-A day of yours | P72: 2026-04-19 00:56:09 | Q72: 4121806 | S72: free | T72: =VLOOKUP(Q72,Sheet2!A:C,3,FALSE) -> 51habiba.hassan
A73: 3846 | B73: student-culture and interests-A day of yours- | C73: 2026-04-23 01:00 ~ 01:30 | D73: 2026-04-22 20:00 ~ 20:30 | E73: 自约 | F73: free | H73: 0 | I73: student | J73: 62972656 | K73: 528323803 | L73: d7ik1psrtl0svuesfedg | M73: cancel | N73: culture and interests-A day of yours | P73: 2026-04-20 04:53:53 | Q73: 4121806 | S73: free | T73: =VLOOKUP(Q73,Sheet2!A:C,3,FALSE) -> 51habiba.hassan
A74: 3902 | B74: student-culture and interests-A day of yours-Nada Mohamed | C74: 2026-04-23 01:00 ~ 01:30 | D74: 2026-04-22 20:00 ~ 20:30 | E74: 代约 | F74: free | G74: Nada Hasan | H74: 6755745 | I74: student | J74: 62980005 | K74: 528442170 | L74: d7j76dkrtl0s0ekn6c90 | M74: end | N74: culture and interests-A day of yours | O74: culture and interests-A day of yours | P74: 2026-04-21 02:40:48 | Q74: 4121807 | S74: free | T74: =VLOOKUP(Q74,Sheet2!A:C,3,FALSE) -> 51nadamuhammad
A75: 3916 | B75: student-related to exams you are facing now-Vocabulary skills - | C75: 2026-04-23 01:00 ~ 01:30 | D75: 2026-04-22 20:00 ~ 20:30 | E75: 自约 | F75: free | H75: 0 | I75: student | J75: 62980476 | K75: 528494750 | L75: d7jas6krtl0s0eknhjo0 | M75: cancel | N75: related to exams you are facing now-Vocabulary skills | P75: 2026-04-21 06:52:04 | Q75: 4123057 | S75: free | T75: =VLOOKUP(Q75,Sheet2!A:C,3,FALSE) -> EGCC-tasneemmahmoud
A76: 3748 | B76: student-culture and interests-Make Orders in a Coffee Shop- | C76: 2026-04-23 01:00 ~ 01:30 | D76: 2026-04-22 20:00 ~ 20:30 | E76: 自约 | F76: free | H76: 0 | I76: student | J76: 62950273 | K76: 527854311 | L76: d7gpcfkrtl0svuekcrb0 | M76: s_absent | N76: culture and interests-Make Orders in a Coffee Shop | P76: 2026-04-17 10:08:57 | Q76: 4122734 | S76: free | T76: =VLOOKUP(Q76,Sheet2!A:C,3,FALSE) -> EGCC-eman.amr
A77: 4008 | B77: student-- | C77: 2026-04-23 01:00 ~ 01:30 | D77: 2026-04-22 20:00 ~ 20:30 | E77: 自约 | F77: free | G77: Fatma Essam | H77: 6813744 | I77: student | J77: 62993396 | K77: 528704798 | L77: d7kcarsrtl0pvid9r420 | M77: s_absent | N77: related to exams you are facing now-phonetic | P77: 2026-04-22 20:56:10 | Q77: 4122734 | S77: free | T77: =VLOOKUP(Q77,Sheet2!A:C,3,FALSE) -> EGCC-eman.amr
A78: 3773 | B78: student-culture and interests-The joy of football- | C78: 2026-04-23 01:00 ~ 01:30 | D78: 2026-04-22 20:00 ~ 20:30 | E78: 自约 | F78: free | H78: 0 | I78: student | J78: 62956218 | K78: 527982053 | L78: d7h9ag4rtl0svuemu6m0 | M78: s_absent | N78: culture and interests-The joy of football | P78: 2026-04-18 04:16:59 | Q78: 4121806 | S78: free | T78: =VLOOKUP(Q78,Sheet2!A:C,3,FALSE) -> 51habiba.hassan
A79: 3789 | B79: Asmaa-culture and interests-A day of yours- | C79: 2026-04-23 01:00 ~ 01:30 | D79: 2026-04-22 20:00 ~ 20:30 | E79: 自约 | F79: free | H79: 0 | I79: Asmaa | J79: 60862087 | K79: 528033215 | L79: d7hkvksrtl0svueoagtg | M79: cancel | N79: culture and interests-A day of yours | P79: 2026-04-18 17:33:02 | Q79: 4120839 | S79: free | T79: =VLOOKUP(Q79,Sheet2!A:C,3,FALSE) -> #N/A
A80: 3849 | B80: student-related to exams you are facing now-Vocabulary skills - | C80: 2026-04-23 00:30 ~ 01:00 | D80: 2026-04-22 19:30 ~ 20:00 | E80: 自约 | F80: free | G80: Nada Hasan | H80: 6755745 | I80: student | J80: 62973007 | K80: 528324097 | L80: d7iks3crtl0svuesgab0 | M80: end | N80: related to exams you are facing now-Vocabulary skills | O80: related to exams you are facing now-Vocabulary skills | P80: 2026-04-20 05:49:59 | Q80: 4123057 | S80: free | T80: =VLOOKUP(Q80,Sheet2!A:C,3,FALSE) -> EGCC-tasneemmahmoud
A81: 3913 | B81: student-culture and interests-Make Orders in a Coffee Shop- | C81: 2026-04-23 00:30 ~ 01:00 | D81: 2026-04-22 19:30 ~ 20:00 | E81: 自约 | F81: free | H81: 0 | I81: student | J81: 62980541 | K81: 528489988 | L81: d7jacacrtl0s0ekng4v0 | M81: cancel | N81: culture and interests-Make Orders in a Coffee Shop | P81: 2026-04-21 06:18:11 | Q81: 4123060 | S81: free | T81: =VLOOKUP(Q81,Sheet2!A:C,3,FALSE) -> EGCC-maiwaheed
A82: 3946 | B82: student-- | C82: 2026-04-23 00:30 ~ 01:00 | D82: 2026-04-22 19:30 ~ 20:00 | E82: 自约 | F82: free | H82: 0 | I82: student | J82: 62985039 | K82: 528549904 | L82: d7jmev4rtl0pvid5rg00 | M82: s_absent | P82: 2026-04-21 20:03:03 | Q82: 4122734 | S82: free | T82: =VLOOKUP(Q82,Sheet2!A:C,3,FALSE) -> EGCC-eman.amr
A83: 3976 | B83: student--Nada Mohamed | C83: 2026-04-23 00:30 ~ 01:00 | D83: 2026-04-22 19:30 ~ 20:00 | E83: 自约 | F83: free | H83: 0 | I83: student | J83: 62987783 | K83: 528592946 | L83: d7jse6krtl0pvid7jd7g | M83: cancel | P83: 2026-04-22 02:51:00 | Q83: 4121807 | S83: free | T83: =VLOOKUP(Q83,Sheet2!A:C,3,FALSE) -> 51nadamuhammad
A84: 3740 | B84: student-related to exams you are facing now-Vocabulary skills - | C84: 2026-04-23 00:30 ~ 01:00 | D84: 2026-04-22 19:30 ~ 20:00 | E84: 自约 | F84: free | H84: 0 | I84: student | J84: 62949144 | K84: 527816052 | L84: d7gj75krtl0svuejpkeg | M84: cancel | N84: related to exams you are facing now-Vocabulary skills | P84: 2026-04-17 03:08:00 | Q84: 4123060 | S84: free | T84: =VLOOKUP(Q84,Sheet2!A:C,3,FALSE) -> EGCC-maiwaheed
A85: 3753 | B85: student-related to exams you are facing now-Vocabulary skills - | C85: 2026-04-23 00:30 ~ 01:00 | D85: 2026-04-22 19:30 ~ 20:00 | E85: 自约 | F85: free | H85: 0 | I85: student | J85: 62952759 | K85: 527886681 | L85: d7gvkg4rtl0svuel2mlg | M85: s_absent | N85: related to exams you are facing now-Vocabulary skills | P85: 2026-04-17 17:15:38 | Q85: 4123060 | S85: free | T85: =VLOOKUP(Q85,Sheet2!A:C,3,FALSE) -> EGCC-maiwaheed
A86: 3755 | B86: student-culture and interests-A day of yours- | C86: 2026-04-23 00:30 ~ 01:00 | D86: 2026-04-22 19:30 ~ 20:00 | E86: 自约 | F86: free | H86: 0 | I86: student | J86: 62953686 | K86: 527903201 | L86: d7h1nd4rtl0svuelf0eg | M86: cancel | N86: culture and interests-A day of yours | P86: 2026-04-17 19:38:23 | Q86: 4123060 | S86: free | T86: =VLOOKUP(Q86,Sheet2!A:C,3,FALSE) -> EGCC-maiwaheed
A87: 4012 | B87: student-related to exams you are facing now-Vocabulary skills - | C87: 2026-04-23 00:30 ~ 01:00 | D87: 2026-04-22 19:30 ~ 20:00 | E87: 自约 | F87: free | H87: 0 | I87: student | J87: 62389872 | K87: 528706813 | L87: d7kcibcrtl0pvid9t9v0 | M87: s_absent | N87: related to exams you are facing now-Vocabulary skills | P87: 2026-04-22 21:12:08 | Q87: 4121932 | S87: free | T87: =VLOOKUP(Q87,Sheet2!A:C,3,FALSE) -> #N/A
A88: 3801 | B88: student-culture and interests-A day of yours- | C88: 2026-04-23 00:30 ~ 01:00 | D88: 2026-04-22 19:30 ~ 20:00 | E88: 自约 | F88: free | G88: Fatma Essam | H88: 6813744 | I88: student | J88: 62962480 | K88: 528073293 | L88: d7hpp8krtl0svuepit7g | M88: end | N88: culture and interests-A day of yours | O88: related to exams you are facing now-Reading exam skills | P88: 2026-04-18 23:00:45 | Q88: 4123061 | S88: free | T88: =VLOOKUP(Q88,Sheet2!A:C,3,FALSE) -> EGCC-fatmamohamed
A89: 3833 | B89: student-culture and interests-A day of yours- | C89: 2026-04-23 00:30 ~ 01:00 | D89: 2026-04-22 19:30 ~ 20:00 | E89: 自约 | F89: free | H89: 0 | I89: student | J89: 62971319 | K89: 528266607 | L89: d7igkq4rtl0svues6g1g | M89: cancel | N89: culture and interests-A day of yours | P89: 2026-04-20 01:01:23 | Q89: 4121806 | S89: free | T89: =VLOOKUP(Q89,Sheet2!A:C,3,FALSE) -> 51habiba.hassan
A90: 3855 | B90: student-related to exams you are facing now-Reading exam skills - | C90: 2026-04-23 00:00 ~ 00:30 | D90: 2026-04-22 19:00 ~ 19:30 | E90: 自约 | F90: free | G90: Menna Eltellawy | H90: 6797224 | I90: student | J90: 62974823 | K90: 528347745 | L90: d7is3psrtl0svuet21fg | M90: end | N90: related to exams you are facing now-Reading exam skills | O90: related to exams you are facing now-Reading exam skills | P90: 2026-04-20 14:04:17 | Q90: 4123061 | S90: free | T90: =VLOOKUP(Q90,Sheet2!A:C,3,FALSE) -> EGCC-fatmamohamed
A91: 3879 | B91: student-culture and interests-A day of yours- | C91: 2026-04-23 00:00 ~ 00:30 | D91: 2026-04-22 19:00 ~ 19:30 | E91: 自约 | F91: free | H91: 0 | I91: student | J91: 62978706 | K91: 528410590 | L91: d7j3iucrtl0svueulut0 | M91: cancel | N91: culture and interests-A day of yours | P91: 2026-04-20 22:34:28 | Q91: 4123057 | S91: free | T91: =VLOOKUP(Q91,Sheet2!A:C,3,FALSE) -> EGCC-tasneemmahmoud
A92: 3737 | B92: student-culture and interests-A day of yours- | C92: 2026-04-23 00:00 ~ 00:30 | D92: 2026-04-22 19:00 ~ 19:30 | E92: 自约 | F92: free | G92: Fatma Essam | H92: 6813744 | I92: student | J92: 62948870 | K92: 527814892 | L92: d7gid3krtl0svuejm8k0 | M92: s_absent | N92: culture and interests-A day of yours | P92: 2026-04-17 02:12:24 | Q92: 4123061 | S92: free | T92: =VLOOKUP(Q92,Sheet2!A:C,3,FALSE) -> EGCC-fatmamohamed
A93: 3741 | B93: student-culture and interests-A day of yours- | C93: 2026-04-23 00:00 ~ 00:30 | D93: 2026-04-22 19:00 ~ 19:30 | E93: 自约 | F93: free | H93: 0 | I93: student | J93: 62949212 | K93: 527816115 | L93: d7gj7kcrtl0svuejpm4g | M93: cancel | N93: culture and interests-A day of yours | P93: 2026-04-17 03:09:00 | Q93: 4123061 | S93: free | T93: =VLOOKUP(Q93,Sheet2!A:C,3,FALSE) -> EGCC-fatmamohamed
A94: 4003 | B94: student-related to exams you are facing now-phonetic-Mai Waheed | C94: 2026-04-23 00:00 ~ 00:30 | D94: 2026-04-22 19:00 ~ 19:30 | E94: 代约 | F94: free | H94: 0 | I94: student | J94: 62988488 | K94: 528693466 | L94: d7kb1tsrtl0pvid9hdr0 | M94: s_absent | N94: related to exams you are facing now-phonetic | P94: 2026-04-22 19:28:50 | Q94: 4123060 | S94: free | T94: =VLOOKUP(Q94,Sheet2!A:C,3,FALSE) -> EGCC-maiwaheed
A95: 3914 | B95: student-culture and interests-A day of yours- | C95: 2026-04-22 23:30 ~ 00:00 | D95: 2026-04-22 18:30 ~ 19:00 | E95: 自约 | F95: free | H95: 0 | I95: student | J95: 62980396 | K95: 528491618 | L95: d7jaf9srtl0s0ekng9hg | M95: s_absent | N95: culture and interests-A day of yours | P95: 2026-04-21 06:24:34 | Q95: 4121807 | S95: free | T95: =VLOOKUP(Q95,Sheet2!A:C,3,FALSE) -> 51nadamuhammad
A96: 3973 | B96: student-culture and interests-A day of yours- | C96: 2026-04-22 23:30 ~ 00:00 | D96: 2026-04-22 18:30 ~ 19:00 | E96: 自约 | F96: free | H96: 0 | I96: student | J96: 62988069 | K96: 528592528 | L96: d7js624rtl0pvid7ibj0 | M96: cancel | N96: culture and interests-A day of yours | P96: 2026-04-22 02:33:39 | Q96: 4124168 | S96: free | T96: =VLOOKUP(Q96,Sheet2!A:C,3,FALSE) -> 51hassan02
A97: 3982 | B97: JABER-culture and interests-A day of yours- | C97: 2026-04-22 23:30 ~ 00:00 | D97: 2026-04-22 18:30 ~ 19:00 | E97: 自约 | F97: free | H97: 0 | I97: JABER | J97: 62512562 | K97: 528632785 | L97: d7juek4rtl0pvid7pnng | M97: cancel | N97: culture and interests-A day of yours | P97: 2026-04-22 05:08:27 | Q97: 4124771 | S97: free | T97: =VLOOKUP(Q97,Sheet2!A:C,3,FALSE) -> #N/A
A98: 3991 | B98: student-related to exams you are facing now-Vocabulary skills - | C98: 2026-04-22 23:30 ~ 00:00 | D98: 2026-04-22 18:30 ~ 19:00 | E98: 自约 | F98: free | H98: 0 | I98: student | J98: 62990145 | K98: 528657081 | L98: d7k5bs4rtl0pvid8g3a0 | M98: cancel | N98: related to exams you are facing now-Vocabulary skills | P98: 2026-04-22 13:00:27 | Q98: 4122734 | S98: free | T98: =VLOOKUP(Q98,Sheet2!A:C,3,FALSE) -> EGCC-eman.amr
A99: 4015 | B99: student-culture and interests-A day of yours- | C99: 2026-04-22 23:30 ~ 00:00 | D99: 2026-04-22 18:30 ~ 19:00 | E99: 自约 | F99: free | H99: 0 | I99: student | J99: 62994212 | K99: 528707228 | L99: d7kckgsrtl0pvid9tong | M99: s_absent | N99: culture and interests-A day of yours | P99: 2026-04-22 21:16:46 | Q99: 4123056 | S99: free | T99: =VLOOKUP(Q99,Sheet2!A:C,3,FALSE) -> EGCC-mahmoudbadawy
A100: 4017 | B100: student-my feelings-Mai Waheed | C100: 2026-04-22 23:30 ~ 00:00 | D100: 2026-04-22 18:30 ~ 19:00 | E100: 代约 | F100: free | H100: 0 | I100: student | J100: 62470699 | K100: 528710937 | L100: d7kcvjcrtl0pvida1v80 | M100: s_absent | N100: my feelings | P100: 2026-04-22 21:40:24 | Q100: 4123060 | S100: free | T100: =VLOOKUP(Q100,Sheet2!A:C,3,FALSE) -> EGCC-maiwaheed
...

Sheet Sheet2
A1: sales_id | B1: sales_group | C1: sales_name
A2: 4121806 | B2: 001 | C2: 51habiba.hassan
A3: 4122734 | B3: 001 | C3: EGCC-eman.amr
A4: 4123059 | B4: 001 | C4: EGCC-nadahassan
A5: 4121807 | B5: 002 | C5: 51nadamuhammad
A6: 4123057 | B6: 002 | C6: EGCC-tasneemmahmoud
A7: 4123060 | B7: 002 | C7: EGCC-maiwaheed
A8: 4123061 | B8: 002 | C8: EGCC-fatmamohamed
A9: 4124168 | B9: 001 | C9: 51hassan02
A10: 4123056 | B10: 002 | C10: EGCC-mahmoudbadawy
